{
  "model/models-dbg.js": 1610351219492,
  "Component.js": 1610351219488,
  "model/models.js": 1610351219492,
  "controller/View1.controller.js": 1610351219492,
  "manifest.json": 1610352279546,
  "manifest-bundle.zip": 1610352279082,
  "Component-preload.js": 1610352279504,
  "i18n/i18n.properties": 1610351219492,
  "controller/View1-dbg.controller.js": 1610351219492,
  "Component-dbg.js": 1610351219488,
  "resources.json": 1610352279550,
  "view/View1.view.xml": 1610351599181,
  "css/style.css": 1610351219492,
  "index.html": 1610351219488
}